{
  "version": "1.0",
  "timestamp": "2026-03-20T13:44:04",
  "dense_features": {
    "consumo_lag_1h": {
      "mean": 0.49359214305877686,
      "std": 0.11490271240472794,
      "min": 0.06367527693510056,
      "max": 0.7618228793144226
    },
    "consumo_lag_24h": {
      "mean": 0.49355098605155945,
      "std": 0.11577752232551575,
      "min": 0.07729805260896683,
      "max": 0.7722841501235962
    },
    "consumo_rolling_mean_3h": {
      "mean": 0.49395960569381714,
      "std": 0.11378369480371475,
      "min": 0.0945587232708931,
      "max": 0.7951227426528931
    },
    "Temperatura_C": {
      "mean": 0.49987736344337463,
      "std": 0.11633136123418808,
      "min": 0.03431372717022896,
      "max": 0.8259803652763367
    },
    "Temperatura_Percebida_C": {
      "mean": 0.5005369186401367,
      "std": 0.11985480040311813,
      "min": 0.004385964944958687,
      "max": 0.8114035129547119
    },
    "Umidade_Relativa_%": {
      "mean": 0.5006030797958374,
      "std": 0.11154961585998535,
      "min": 0.184523805975914,
      "max": 0.7321428656578064
    },
    "Precipitacao_mm": {
      "mean": 0.4660944640636444,
      "std": 0.1896779090166092,
      "min": 0.375,
      "max": 1.0
    },
    "Velocidade_Vento_kmh": {
      "mean": 0.4961484968662262,
      "std": 0.11113184690475464,
      "min": 0.28977271914482117,
      "max": 0.9753788113594055
    },
    "Pressao_Superficial_hPa": {
      "mean": 0.529434084892273,
      "std": 0.10531120002269745,
      "min": 0.06912516057491302,
      "max": 0.6671456098556519
    },
    "Irradiancia_Direta_Wm2": {
      "mean": 0.5245383381843567,
      "std": 0.09709461033344269,
      "min": 0.375,
      "max": 0.6847472786903381
    },
    "Irradiancia_Difusa_Wm2": {
      "mean": 0.5199722647666931,
      "std": 0.10772372037172318,
      "min": 0.375,
      "max": 0.9539473652839661
    },
    "trimestre": {
      "mean": 3.043565273284912,
      "std": 0.9780901670455933,
      "min": 1.0,
      "max": 4.0
    },
    "is_feriado": {
      "mean": 0.011084446683526039,
      "std": 0.1046975702047348,
      "min": 0.0,
      "max": 1.0
    },
    "is_vespera_feriado": {
      "mean": 0.027334172278642654,
      "std": 0.16305524110794067,
      "min": 0.0,
      "max": 1.0
    },
    "is_dia_util": {
      "mean": 0.8673150539398193,
      "std": 0.3392339050769806,
      "min": 0.0,
      "max": 1.0
    },
    "tipo_maquina_SPLIT HI-WALL": {
      "mean": 1.0,
      "std": 0.0,
      "min": 1.0,
      "max": 1.0
    },
    "estacao_inverno": {
      "mean": 0.37606504559516907,
      "std": 0.48439666628837585,
      "min": 0.0,
      "max": 1.0
    },
    "estacao_outono": {
      "mean": 0.10705261677503586,
      "std": 0.3091801106929779,
      "min": 0.0,
      "max": 1.0
    },
    "estacao_primavera": {
      "mean": 0.36238303780555725,
      "std": 0.4806886315345764,
      "min": 0.0,
      "max": 1.0
    },
    "estacao_verao": {
      "mean": 0.15449927747249603,
      "std": 0.3614266812801361,
      "min": 0.0,
      "max": 1.0
    }
  },
  "target_encoding": {},
  "clipping_limits": {
    "Temperatura_C": {
      "q1": 21.4,
      "q3": 31.6,
      "iqr": 10.200000000000003,
      "lower": 6.099999999999994,
      "upper": 46.900000000000006
    },
    "Temperatura_Percebida_C": {
      "q1": 22.6,
      "q3": 34.0,
      "iqr": 11.399999999999999,
      "lower": 5.5000000000000036,
      "upper": 51.099999999999994
    },
    "Umidade_Relativa_%": {
      "q1": 40.0,
      "q3": 82.0,
      "iqr": 42.0,
      "lower": -23.0,
      "upper": 145.0
    },
    "Precipitacao_mm": {
      "q1": 0.0,
      "q3": 0.1,
      "iqr": 0.1,
      "lower": -0.15000000000000002,
      "upper": 0.25
    },
    "Velocidade_Vento_kmh": {
      "q1": 4.5,
      "q3": 17.7,
      "iqr": 13.2,
      "lower": -15.299999999999997,
      "upper": 37.5
    },
    "Pressao_Superficial_hPa": {
      "q1": 936.5,
      "q3": 1014.8,
      "iqr": 78.29999999999995,
      "lower": 819.0500000000001,
      "upper": 1132.25
    },
    "Irradiancia_Direta_Wm2": {
      "q1": 0.0,
      "q3": 815.1,
      "iqr": 815.1,
      "lower": -1222.65,
      "upper": 2037.75
    },
    "Irradiancia_Difusa_Wm2": {
      "q1": 0.0,
      "q3": 209.0,
      "iqr": 209.0,
      "lower": -313.5,
      "upper": 522.5
    },
    "consumo_lag_1h": {
      "q1": 0.4477,
      "q3": 0.804,
      "iqr": 0.35630000000000006,
      "lower": -0.0867500000000001,
      "upper": 1.3384500000000001
    },
    "consumo_lag_24h": {
      "q1": 0.4285,
      "q3": 0.7875,
      "iqr": 0.359,
      "lower": -0.10999999999999999,
      "upper": 1.326
    },
    "consumo_rolling_mean_3h": {
      "q1": 0.4855,
      "q3": 0.7869,
      "iqr": 0.30140000000000006,
      "lower": 0.03339999999999993,
      "upper": 1.239
    }
  },
  "embeddings": {
    "grupo_regional": {
      "input_dim": 192,
      "value_range": [
        0,
        191
      ]
    },
    "hora": {
      "input_dim": 24,
      "value_range": [
        0,
        23
      ]
    },
    "mes": {
      "input_dim": 13,
      "value_range": [
        1,
        12
      ]
    },
    "periodo_dia": {
      "input_dim": 4,
      "value_range": [
        0,
        3
      ]
    }
  },
  "metrics": {
    "MAE": 0.032468151301145554,
    "RMSE": 0.04170557979737028,
    "R2": 0.2739313840866089,
    "WMAPE": 3.703627109527588,
    "Acuracia": 96.29637289047241
  },
  "train_info": {
    "n_raw": 1841576,
    "n_after_filter": 331819,
    "n_removed": 1509757,
    "pct_removed": 81.98,
    "n_train": 267943,
    "n_val": 14103,
    "n_test": 49773,
    "n_features_dense": 20,
    "n_groups_embedding": 192,
    "n_horas_embedding": 24,
    "n_meses_embedding": 13,
    "n_periodos_embedding": 4
  }
}