{
  "version": "1.0",
  "timestamp": "2026-03-20T13:44:05",
  "dense_features": {
    "consumo_lag_1h": {
      "mean": 0.5104401707649231,
      "std": 0.17822544276714325,
      "min": 0.0,
      "max": 1.0
    },
    "consumo_lag_24h": {
      "mean": 0.5098006725311279,
      "std": 0.1684640347957611,
      "min": 0.0,
      "max": 1.0
    },
    "consumo_rolling_mean_3h": {
      "mean": 0.5236486196517944,
      "std": 0.15536685287952423,
      "min": 0.10034889727830887,
      "max": 1.0
    },
    "Temperatura_C": {
      "mean": 0.4989031255245209,
      "std": 0.12086857855319977,
      "min": 0.0,
      "max": 0.9112318754196167
    },
    "Temperatura_Percebida_C": {
      "mean": 0.5052019953727722,
      "std": 0.11520028859376907,
      "min": 0.0,
      "max": 0.7989130616188049
    },
    "Umidade_Relativa_%": {
      "mean": 0.5021024346351624,
      "std": 0.11486613750457764,
      "min": 0.09375,
      "max": 0.796875
    },
    "Precipitacao_mm": {
      "mean": 0.4849909842014313,
      "std": 0.20185644924640656,
      "min": 0.375,
      "max": 1.0
    },
    "Velocidade_Vento_kmh": {
      "mean": 0.49817317724227905,
      "std": 0.12376431375741959,
      "min": 0.2909291982650757,
      "max": 1.0
    },
    "Pressao_Superficial_hPa": {
      "mean": 0.556465744972229,
      "std": 0.11576119810342789,
      "min": 0.1180555522441864,
      "max": 0.6957465410232544
    },
    "Irradiancia_Direta_Wm2": {
      "mean": 0.5094555020332336,
      "std": 0.12315431237220764,
      "min": 0.17735187709331512,
      "max": 0.7556535601615906
    },
    "Irradiancia_Difusa_Wm2": {
      "mean": 0.49756282567977905,
      "std": 0.13670149445533752,
      "min": 0.20703125,
      "max": 1.0
    },
    "trimestre": {
      "mean": 3.1332380771636963,
      "std": 0.7011802792549133,
      "min": 1.0,
      "max": 4.0
    },
    "is_feriado": {
      "mean": 0.0003571692213881761,
      "std": 0.018895545974373817,
      "min": 0.0,
      "max": 1.0
    },
    "is_vespera_feriado": {
      "mean": 0.02304820530116558,
      "std": 0.1500566005706787,
      "min": 0.0,
      "max": 1.0
    },
    "is_dia_util": {
      "mean": 0.9950999021530151,
      "std": 0.0698290765285492,
      "min": 0.0,
      "max": 1.0
    },
    "tipo_maquina_SPLIT\u00c3O": {
      "mean": 1.0,
      "std": 0.0,
      "min": 1.0,
      "max": 1.0
    },
    "estacao_inverno": {
      "mean": 0.5501074194908142,
      "std": 0.49748289585113525,
      "min": 0.0,
      "max": 1.0
    },
    "estacao_outono": {
      "mean": 0.12614130973815918,
      "std": 0.3320085406303406,
      "min": 0.0,
      "max": 1.0
    },
    "estacao_primavera": {
      "mean": 0.29924723505973816,
      "std": 0.45792827010154724,
      "min": 0.0,
      "max": 1.0
    },
    "estacao_verao": {
      "mean": 0.024504035711288452,
      "std": 0.1546078473329544,
      "min": 0.0,
      "max": 1.0
    }
  },
  "target_encoding": {},
  "clipping_limits": {
    "Temperatura_C": {
      "q1": 25.0,
      "q3": 31.9,
      "iqr": 6.899999999999999,
      "lower": 14.650000000000002,
      "upper": 42.25
    },
    "Temperatura_Percebida_C": {
      "q1": 26.9,
      "q3": 36.1,
      "iqr": 9.200000000000003,
      "lower": 13.099999999999994,
      "upper": 49.900000000000006
    },
    "Umidade_Relativa_%": {
      "q1": 46.0,
      "q3": 78.0,
      "iqr": 32.0,
      "lower": -2.0,
      "upper": 126.0
    },
    "Precipitacao_mm": {
      "q1": 0.0,
      "q3": 0.1,
      "iqr": 0.1,
      "lower": -0.15000000000000002,
      "upper": 0.25
    },
    "Velocidade_Vento_kmh": {
      "q1": 3.8,
      "q3": 15.1,
      "iqr": 11.3,
      "lower": -13.150000000000002,
      "upper": 32.050000000000004
    },
    "Pressao_Superficial_hPa": {
      "q1": 955.2,
      "q3": 1012.8,
      "iqr": 57.59999999999991,
      "lower": 868.8000000000002,
      "upper": 1099.1999999999998
    },
    "Irradiancia_Direta_Wm2": {
      "q1": 349.6,
      "q3": 791.8,
      "iqr": 442.19999999999993,
      "lower": -313.69999999999993,
      "upper": 1455.1
    },
    "Irradiancia_Difusa_Wm2": {
      "q1": 86.0,
      "q3": 214.0,
      "iqr": 128.0,
      "lower": -106.0,
      "upper": 406.0
    },
    "consumo_lag_1h": {
      "q1": 4.1678,
      "q3": 6.8382,
      "iqr": 2.6704,
      "lower": 0.16220000000000034,
      "upper": 10.843799999999998
    },
    "consumo_lag_24h": {
      "q1": 4.5511,
      "q3": 6.9964,
      "iqr": 2.4453000000000005,
      "lower": 0.8831499999999992,
      "upper": 10.66435
    },
    "consumo_rolling_mean_3h": {
      "q1": 3.8892,
      "q3": 6.7339,
      "iqr": 2.8447,
      "lower": -0.37785,
      "upper": 11.00095
    }
  },
  "embeddings": {
    "grupo_regional": {
      "input_dim": 181,
      "value_range": [
        0,
        180
      ]
    },
    "hora": {
      "input_dim": 24,
      "value_range": [
        0,
        23
      ]
    },
    "mes": {
      "input_dim": 13,
      "value_range": [
        1,
        12
      ]
    },
    "periodo_dia": {
      "input_dim": 4,
      "value_range": [
        0,
        3
      ]
    }
  },
  "metrics": {
    "MAE": 0.572916567325592,
    "RMSE": 0.81987263830176,
    "R2": 0.5681356191635132,
    "WMAPE": 8.259147644042969,
    "Acuracia": 91.74085235595703
  },
  "train_info": {
    "n_raw": 4811960,
    "n_after_filter": 1778694,
    "n_removed": 3033266,
    "pct_removed": 63.04,
    "n_train": 1436294,
    "n_val": 75595,
    "n_test": 266805,
    "n_features_dense": 20,
    "n_groups_embedding": 181,
    "n_horas_embedding": 24,
    "n_meses_embedding": 13,
    "n_periodos_embedding": 4
  }
}