{
  "version": "1.0",
  "timestamp": "2026-03-20T13:44:05",
  "dense_features": {
    "consumo_lag_1h": {
      "mean": 0.49566319584846497,
      "std": 0.11355585604906082,
      "min": 0.16181494295597076,
      "max": 0.6834826469421387
    },
    "consumo_lag_24h": {
      "mean": 0.48691877722740173,
      "std": 0.11299873888492584,
      "min": 0.057447537779808044,
      "max": 0.7045691013336182
    },
    "consumo_rolling_mean_3h": {
      "mean": 0.4937346279621124,
      "std": 0.10032779723405838,
      "min": 0.21297520399093628,
      "max": 0.6791313886642456
    },
    "Temperatura_C": {
      "mean": 0.49651727080345154,
      "std": 0.14234255254268646,
      "min": 0.0,
      "max": 0.9972222447395325
    },
    "Temperatura_Percebida_C": {
      "mean": 0.48913493752479553,
      "std": 0.12652909755706787,
      "min": 0.08386076241731644,
      "max": 0.8338607549667358
    },
    "Umidade_Relativa_%": {
      "mean": 0.5188714265823364,
      "std": 0.13119401037693024,
      "min": 0.022727273404598236,
      "max": 0.8977272510528564
    },
    "Precipitacao_mm": {
      "mean": 0.48399314284324646,
      "std": 0.2043711543083191,
      "min": 0.375,
      "max": 1.0
    },
    "Velocidade_Vento_kmh": {
      "mean": 0.49965670704841614,
      "std": 0.11581453680992126,
      "min": 0.2865646183490753,
      "max": 0.8886054158210754
    },
    "Pressao_Superficial_hPa": {
      "mean": 0.5560863614082336,
      "std": 0.10303672403097153,
      "min": 0.29354265332221985,
      "max": 0.6623222827911377
    },
    "Irradiancia_Direta_Wm2": {
      "mean": 0.5151601433753967,
      "std": 0.1178479716181755,
      "min": 0.2188834249973297,
      "max": 0.6824531555175781
    },
    "Irradiancia_Difusa_Wm2": {
      "mean": 0.48945844173431396,
      "std": 0.11739851534366608,
      "min": 0.23595505952835083,
      "max": 0.8876404762268066
    },
    "trimestre": {
      "mean": 3.7209372520446777,
      "std": 0.7832830548286438,
      "min": 1.0,
      "max": 4.0
    },
    "is_feriado": {
      "mean": 0.0,
      "std": 0.0,
      "min": 0.0,
      "max": 0.0
    },
    "is_vespera_feriado": {
      "mean": 0.07482479512691498,
      "std": 0.26310840249061584,
      "min": 0.0,
      "max": 1.0
    },
    "is_dia_util": {
      "mean": 0.9908590912818909,
      "std": 0.0951700508594513,
      "min": 0.0,
      "max": 1.0
    },
    "tipo_maquina_SPLIT\u00c3O SELF CONTAINED": {
      "mean": 1.0,
      "std": 0.0,
      "min": 1.0,
      "max": 1.0
    },
    "estacao_inverno": {
      "mean": 0.03264746442437172,
      "std": 0.17771214246749878,
      "min": 0.0,
      "max": 1.0
    },
    "estacao_outono": {
      "mean": 0.04360796511173248,
      "std": 0.2042212188243866,
      "min": 0.0,
      "max": 1.0
    },
    "estacao_primavera": {
      "mean": 0.8535841703414917,
      "std": 0.3535225987434387,
      "min": 0.0,
      "max": 1.0
    },
    "estacao_verao": {
      "mean": 0.0701604038476944,
      "std": 0.2554171681404114,
      "min": 0.0,
      "max": 1.0
    }
  },
  "target_encoding": {},
  "clipping_limits": {
    "Temperatura_C": {
      "q1": 22.6,
      "q3": 27.1,
      "iqr": 4.5,
      "lower": 15.850000000000001,
      "upper": 33.85
    },
    "Temperatura_Percebida_C": {
      "q1": 23.3,
      "q3": 31.2,
      "iqr": 7.899999999999999,
      "lower": 11.450000000000003,
      "upper": 43.05
    },
    "Umidade_Relativa_%": {
      "q1": 54.0,
      "q3": 76.0,
      "iqr": 22.0,
      "lower": 21.0,
      "upper": 109.0
    },
    "Precipitacao_mm": {
      "q1": 0.0,
      "q3": 0.1,
      "iqr": 0.1,
      "lower": -0.15000000000000002,
      "upper": 0.25
    },
    "Velocidade_Vento_kmh": {
      "q1": 5.5,
      "q3": 20.2,
      "iqr": 14.7,
      "lower": -16.549999999999997,
      "upper": 42.25
    },
    "Pressao_Superficial_hPa": {
      "q1": 931.0,
      "q3": 1015.4,
      "iqr": 84.39999999999998,
      "lower": 804.4000000000001,
      "upper": 1142.0
    },
    "Irradiancia_Direta_Wm2": {
      "q1": 336.4,
      "q3": 875.1,
      "iqr": 538.7,
      "lower": -471.6500000000001,
      "upper": 1683.15
    },
    "Irradiancia_Difusa_Wm2": {
      "q1": 99.0,
      "q3": 277.0,
      "iqr": 178.0,
      "lower": -168.0,
      "upper": 544.0
    },
    "consumo_lag_1h": {
      "q1": 4.2334,
      "q3": 9.1947,
      "iqr": 4.9613,
      "lower": -3.20855,
      "upper": 16.63665
    },
    "consumo_lag_24h": {
      "q1": 4.9999,
      "q3": 8.9361,
      "iqr": 3.9361999999999995,
      "lower": -0.904399999999999,
      "upper": 14.840399999999999
    },
    "consumo_rolling_mean_3h": {
      "q1": 4.3049,
      "q3": 9.1108,
      "iqr": 4.805899999999999,
      "lower": -2.903949999999999,
      "upper": 16.31965
    }
  },
  "embeddings": {
    "grupo_regional": {
      "input_dim": 106,
      "value_range": [
        0,
        105
      ]
    },
    "hora": {
      "input_dim": 24,
      "value_range": [
        0,
        23
      ]
    },
    "mes": {
      "input_dim": 13,
      "value_range": [
        1,
        12
      ]
    },
    "periodo_dia": {
      "input_dim": 4,
      "value_range": [
        0,
        3
      ]
    }
  },
  "metrics": {
    "MAE": 0.623464047908783,
    "RMSE": 0.9577089051422034,
    "R2": 0.4981922507286072,
    "WMAPE": 8.125408172607422,
    "Acuracia": 91.87459182739258
  },
  "train_info": {
    "n_raw": 777041,
    "n_after_filter": 375682,
    "n_removed": 401359,
    "pct_removed": 51.65,
    "n_train": 303362,
    "n_val": 15967,
    "n_test": 56353,
    "n_features_dense": 20,
    "n_groups_embedding": 106,
    "n_horas_embedding": 24,
    "n_meses_embedding": 13,
    "n_periodos_embedding": 4
  }
}