{
  "timestamp": "2026-03-20T13:44:05",
  "n_segments": 7,
  "consolidated": {
    "n_train": 2152004,
    "n_val": 113268,
    "n_test": 399758,
    "MAE": 0.541871,
    "RMSE": 0.792508,
    "WMAPE": 8.219937,
    "Acuracia": 91.780063
  },
  "segmented": {
    "AR CONDICIONADO DE JANELA (ACJ)": {
      "n_train": 951,
      "n_val": 51,
      "n_test": 177,
      "MAE": 0.082605,
      "RMSE": 0.107456,
      "R2": -0.192262,
      "WMAPE": 10.977222,
      "Acuracia": 89.022778
    },
    "DESCONHECIDO": {
      "n_train": 1072,
      "n_val": 57,
      "n_test": 200,
      "MAE": 1.39111,
      "RMSE": 1.915674,
      "R2": 0.279868,
      "WMAPE": 41.07938,
      "Acuracia": 58.92062
    },
    "SPLIT HI-WALL": {
      "n_train": 267943,
      "n_val": 14103,
      "n_test": 49773,
      "MAE": 0.032468,
      "RMSE": 0.041706,
      "R2": 0.273931,
      "WMAPE": 3.703627,
      "Acuracia": 96.296373
    },
    "SPLIT\u00c3O": {
      "n_train": 1436294,
      "n_val": 75595,
      "n_test": 266805,
      "MAE": 0.572917,
      "RMSE": 0.819873,
      "R2": 0.568136,
      "WMAPE": 8.259148,
      "Acuracia": 91.740852
    },
    "SPLIT\u00c3O INVERTER": {
      "n_train": 141002,
      "n_val": 7422,
      "n_test": 26193,
      "MAE": 1.012604,
      "RMSE": 1.577436,
      "R2": 0.487517,
      "WMAPE": 16.33342,
      "Acuracia": 83.66658
    },
    "SPLIT\u00c3O ROOFTOP": {
      "n_train": 1380,
      "n_val": 73,
      "n_test": 257,
      "MAE": 0.756167,
      "RMSE": 1.167141,
      "R2": 0.617055,
      "WMAPE": 8.527846,
      "Acuracia": 91.472154
    },
    "SPLIT\u00c3O SELF CONTAINED": {
      "n_train": 303362,
      "n_val": 15967,
      "n_test": 56353,
      "MAE": 0.623464,
      "RMSE": 0.957709,
      "R2": 0.498192,
      "WMAPE": 8.125408,
      "Acuracia": 91.874592
    }
  }
}