{
  "segment_dirs": {
    "AR CONDICIONADO DE JANELA (ACJ)": "segment_AR_CONDICIONADO_DE_JANELA_(ACJ)",
    "DESCONHECIDO": "segment_DESCONHECIDO",
    "SPLIT HI-WALL": "segment_SPLIT_HI-WALL",
    "SPLIT\u00c3O": "segment_SPLIT\u00c3O",
    "SPLIT\u00c3O INVERTER": "segment_SPLIT\u00c3O_INVERTER",
    "SPLIT\u00c3O ROOFTOP": "segment_SPLIT\u00c3O_ROOFTOP",
    "SPLIT\u00c3O SELF CONTAINED": "segment_SPLIT\u00c3O_SELF_CONTAINED"
  },
  "metrics": {
    "AR CONDICIONADO DE JANELA (ACJ)": {
      "MAE": 0.08260513842105865,
      "RMSE": 0.1074563144617082,
      "R2": -0.1922616958618164,
      "WMAPE": 10.977222442626953,
      "Acuracia": 89.02277755737305
    },
    "DESCONHECIDO": {
      "MAE": 1.3911101818084717,
      "RMSE": 1.9156738971985068,
      "R2": 0.27986806631088257,
      "WMAPE": 41.07938003540039,
      "Acuracia": 58.92061996459961
    },
    "SPLIT HI-WALL": {
      "MAE": 0.032468151301145554,
      "RMSE": 0.04170557979737028,
      "R2": 0.2739313840866089,
      "WMAPE": 3.703627109527588,
      "Acuracia": 96.29637289047241
    },
    "SPLIT\u00c3O": {
      "MAE": 0.572916567325592,
      "RMSE": 0.81987263830176,
      "R2": 0.5681356191635132,
      "WMAPE": 8.259147644042969,
      "Acuracia": 91.74085235595703
    },
    "SPLIT\u00c3O INVERTER": {
      "MAE": 1.0126041173934937,
      "RMSE": 1.5774363157593683,
      "R2": 0.4875172972679138,
      "WMAPE": 16.333419799804688,
      "Acuracia": 83.66658020019531
    },
    "SPLIT\u00c3O ROOFTOP": {
      "MAE": 0.7561671733856201,
      "RMSE": 1.1671406543732248,
      "R2": 0.6170546412467957,
      "WMAPE": 8.527846336364746,
      "Acuracia": 91.47215366363525
    },
    "SPLIT\u00c3O SELF CONTAINED": {
      "MAE": 0.623464047908783,
      "RMSE": 0.9577089051422034,
      "R2": 0.4981922507286072,
      "WMAPE": 8.125408172607422,
      "Acuracia": 91.87459182739258
    }
  }
}