{
  "segment_dirs": {
    "AR CONDICIONADO DE JANELA (ACJ)": "segment_AR_CONDICIONADO_DE_JANELA_(ACJ)",
    "SPLIT CASSETE": "segment_SPLIT_CASSETE",
    "SPLIT DUTO": "segment_SPLIT_DUTO",
    "SPLIT HI-WALL": "segment_SPLIT_HI-WALL",
    "SPLIT PISO-TETO": "segment_SPLIT_PISO-TETO",
    "SPLIT\u00c3O": "segment_SPLIT\u00c3O",
    "SPLIT\u00c3O INVERTER": "segment_SPLIT\u00c3O_INVERTER",
    "SPLIT\u00c3O ROOFTOP": "segment_SPLIT\u00c3O_ROOFTOP",
    "SPLIT\u00c3O SELF CONTAINED": "segment_SPLIT\u00c3O_SELF_CONTAINED"
  },
  "metrics": {
    "AR CONDICIONADO DE JANELA (ACJ)": {
      "MAE": 0.3658449351787567,
      "RMSE": 0.41249577996956366,
      "R2": 0.12276589870452881,
      "WMAPE": 31.252304077148438,
      "Acuracia": 68.74769592285156
    },
    "SPLIT CASSETE": {
      "MAE": 0.47988590598106384,
      "RMSE": 0.6052943563031508,
      "R2": 0.2898532748222351,
      "WMAPE": 16.700956344604492,
      "Acuracia": 83.29904365539551
    },
    "SPLIT DUTO": {
      "MAE": 0.5602827072143555,
      "RMSE": 0.8353755880579519,
      "R2": 0.4943181872367859,
      "WMAPE": 14.937729835510254,
      "Acuracia": 85.06227016448975
    },
    "SPLIT HI-WALL": {
      "MAE": 0.21097144484519958,
      "RMSE": 0.2678755478552958,
      "R2": 0.31237804889678955,
      "WMAPE": 17.464128494262695,
      "Acuracia": 82.5358715057373
    },
    "SPLIT PISO-TETO": {
      "MAE": 0.5473034381866455,
      "RMSE": 0.6770854558666901,
      "R2": 0.18917715549468994,
      "WMAPE": 20.828989028930664,
      "Acuracia": 79.17101097106934
    },
    "SPLIT\u00c3O": {
      "MAE": 0.7248948812484741,
      "RMSE": 0.9595516104402356,
      "R2": 0.26318466663360596,
      "WMAPE": 10.615900039672852,
      "Acuracia": 89.38409996032715
    },
    "SPLIT\u00c3O INVERTER": {
      "MAE": 18.214948654174805,
      "RMSE": 23.79867673128395,
      "R2": -1.410825252532959,
      "WMAPE": 97.66753387451172,
      "Acuracia": 2.3324661254882812
    },
    "SPLIT\u00c3O ROOFTOP": {
      "MAE": 1.5169740915298462,
      "RMSE": 1.7270901939461363,
      "R2": -1.755741834640503,
      "WMAPE": 19.157596588134766,
      "Acuracia": 80.84240341186523
    },
    "SPLIT\u00c3O SELF CONTAINED": {
      "MAE": 0.2893320620059967,
      "RMSE": 0.3464647298273237,
      "R2": -0.11283576488494873,
      "WMAPE": 4.816394329071045,
      "Acuracia": 95.18360567092896
    }
  }
}