{
  "segment_dirs": {
    "AR CONDICIONADO DE JANELA (ACJ)": "segment_AR_CONDICIONADO_DE_JANELA_(ACJ)",
    "SPLIT CASSETE": "segment_SPLIT_CASSETE",
    "SPLIT DUTO": "segment_SPLIT_DUTO",
    "SPLIT HI-WALL": "segment_SPLIT_HI-WALL",
    "SPLIT PISO-TETO": "segment_SPLIT_PISO-TETO",
    "SPLIT\u00c3O": "segment_SPLIT\u00c3O",
    "SPLIT\u00c3O INVERTER": "segment_SPLIT\u00c3O_INVERTER",
    "SPLIT\u00c3O ROOFTOP": "segment_SPLIT\u00c3O_ROOFTOP",
    "SPLIT\u00c3O SELF CONTAINED": "segment_SPLIT\u00c3O_SELF_CONTAINED"
  },
  "metrics": {
    "AR CONDICIONADO DE JANELA (ACJ)": {
      "MAE": 0.37999191880226135,
      "RMSE": 0.4324241707042208,
      "R2": 0.03595691919326782,
      "WMAPE": 32.46080780029297,
      "Acuracia": 67.53919219970703
    },
    "SPLIT CASSETE": {
      "MAE": 0.4746198356151581,
      "RMSE": 0.5980944055846352,
      "R2": 0.3066471815109253,
      "WMAPE": 16.51768684387207,
      "Acuracia": 83.48231315612793
    },
    "SPLIT DUTO": {
      "MAE": 0.5392122268676758,
      "RMSE": 0.8335078215709767,
      "R2": 0.4965769052505493,
      "WMAPE": 14.375969886779785,
      "Acuracia": 85.62403011322021
    },
    "SPLIT HI-WALL": {
      "MAE": 0.21041429042816162,
      "RMSE": 0.2678812913000111,
      "R2": 0.31234848499298096,
      "WMAPE": 17.418006896972656,
      "Acuracia": 82.58199310302734
    },
    "SPLIT PISO-TETO": {
      "MAE": 0.5465642213821411,
      "RMSE": 0.6760724272780685,
      "R2": 0.19160157442092896,
      "WMAPE": 20.80085563659668,
      "Acuracia": 79.19914436340332
    },
    "SPLIT\u00c3O": {
      "MAE": 0.7109006643295288,
      "RMSE": 0.9508199491124426,
      "R2": 0.290648877620697,
      "WMAPE": 10.387855529785156,
      "Acuracia": 89.61214447021484
    },
    "SPLIT\u00c3O INVERTER": {
      "MAE": 1.1968516111373901,
      "RMSE": 1.9399334177409142,
      "R2": 0.9836433529853821,
      "WMAPE": 6.890376567840576,
      "Acuracia": 93.10962343215942
    },
    "SPLIT\u00c3O ROOFTOP": {
      "MAE": 1.9791505336761475,
      "RMSE": 2.1345124229771995,
      "R2": -5.252352714538574,
      "WMAPE": 24.71678352355957,
      "Acuracia": 75.28321647644043
    },
    "SPLIT\u00c3O SELF CONTAINED": {
      "MAE": 0.31860390305519104,
      "RMSE": 0.40272559407056757,
      "R2": -0.6034402847290039,
      "WMAPE": 5.336673736572266,
      "Acuracia": 94.66332626342773
    }
  }
}