{
  "version": "1.0",
  "timestamp": "2026-03-20T13:44:05",
  "dense_features": {
    "consumo_lag_1h": {
      "mean": 0.4870532751083374,
      "std": 0.16687911748886108,
      "min": 0.133921280503273,
      "max": 1.0
    },
    "consumo_lag_24h": {
      "mean": 0.49541208148002625,
      "std": 0.16288995742797852,
      "min": 0.12811461091041565,
      "max": 1.0
    },
    "consumo_rolling_mean_3h": {
      "mean": 0.48767104744911194,
      "std": 0.169203981757164,
      "min": 0.16258504986763,
      "max": 1.0
    },
    "Temperatura_C": {
      "mean": 0.48563694953918457,
      "std": 0.11044842004776001,
      "min": 0.2526041567325592,
      "max": 0.8046875
    },
    "Temperatura_Percebida_C": {
      "mean": 0.5085795521736145,
      "std": 0.13051632046699524,
      "min": 0.2434210479259491,
      "max": 0.9855263233184814
    },
    "Umidade_Relativa_%": {
      "mean": 0.5094302892684937,
      "std": 0.10448518395423889,
      "min": 0.2750000059604645,
      "max": 0.731249988079071
    },
    "Precipitacao_mm": {
      "mean": 0.4386347234249115,
      "std": 0.16176439821720123,
      "min": 0.375,
      "max": 1.0
    },
    "Velocidade_Vento_kmh": {
      "mean": 0.5012975931167603,
      "std": 0.11988475173711777,
      "min": 0.27016130089759827,
      "max": 1.0
    },
    "Pressao_Superficial_hPa": {
      "mean": 0.5168309211730957,
      "std": 0.19408714771270752,
      "min": 0.05978260934352875,
      "max": 1.0
    },
    "Irradiancia_Direta_Wm2": {
      "mean": 0.5146121382713318,
      "std": 0.10555815696716309,
      "min": 0.2721826434135437,
      "max": 0.6709035038948059
    },
    "Irradiancia_Difusa_Wm2": {
      "mean": 0.4762194752693176,
      "std": 0.12754911184310913,
      "min": 0.2552816867828369,
      "max": 1.0
    },
    "trimestre": {
      "mean": 2.2262308597564697,
      "std": 0.6179679036140442,
      "min": 2.0,
      "max": 4.0
    },
    "is_feriado": {
      "mean": 0.07489964365959167,
      "std": 0.2632293403148651,
      "min": 0.0,
      "max": 1.0
    },
    "is_vespera_feriado": {
      "mean": 0.08431795239448547,
      "std": 0.2778640687465668,
      "min": 0.0,
      "max": 1.0
    },
    "is_dia_util": {
      "mean": 0.9250223636627197,
      "std": 0.2633553147315979,
      "min": 0.0,
      "max": 1.0
    },
    "tipo_maquina_SPLIT\u00c3O INVERTER": {
      "mean": 1.0,
      "std": 0.0,
      "min": 1.0,
      "max": 1.0
    },
    "estacao_inverno": {
      "mean": 0.015815379098057747,
      "std": 0.12476076930761337,
      "min": 0.0,
      "max": 1.0
    },
    "estacao_outono": {
      "mean": 0.8771577477455139,
      "std": 0.3282560110092163,
      "min": 0.0,
      "max": 1.0
    },
    "estacao_primavera": {
      "mean": 0.09122565388679504,
      "std": 0.2879297435283661,
      "min": 0.0,
      "max": 1.0
    },
    "estacao_verao": {
      "mean": 0.015801195055246353,
      "std": 0.1247057244181633,
      "min": 0.0,
      "max": 1.0
    }
  },
  "target_encoding": {},
  "clipping_limits": {
    "Temperatura_C": {
      "q1": 18.3,
      "q3": 27.9,
      "iqr": 9.599999999999998,
      "lower": 3.900000000000004,
      "upper": 42.3
    },
    "Temperatura_Percebida_C": {
      "q1": 18.1,
      "q3": 27.6,
      "iqr": 9.5,
      "lower": 3.8500000000000014,
      "upper": 41.85
    },
    "Umidade_Relativa_%": {
      "q1": 41.0,
      "q3": 81.0,
      "iqr": 40.0,
      "lower": -19.0,
      "upper": 141.0
    },
    "Precipitacao_mm": {
      "q1": 0.0,
      "q3": 0.1,
      "iqr": 0.1,
      "lower": -0.15000000000000002,
      "upper": 0.25
    },
    "Velocidade_Vento_kmh": {
      "q1": 4.2,
      "q3": 13.5,
      "iqr": 9.3,
      "lower": -9.75,
      "upper": 27.450000000000003
    },
    "Pressao_Superficial_hPa": {
      "q1": 930.0,
      "q3": 936.9,
      "iqr": 6.899999999999977,
      "lower": 919.6500000000001,
      "upper": 947.25
    },
    "Irradiancia_Direta_Wm2": {
      "q1": 254.0,
      "q3": 871.6,
      "iqr": 617.6,
      "lower": -672.4000000000001,
      "upper": 1798.0
    },
    "Irradiancia_Difusa_Wm2": {
      "q1": 68.0,
      "q3": 210.0,
      "iqr": 142.0,
      "lower": -145.0,
      "upper": 423.0
    },
    "consumo_lag_1h": {
      "q1": 3.6627,
      "q3": 7.457,
      "iqr": 3.7943,
      "lower": -2.0287499999999996,
      "upper": 13.14845
    },
    "consumo_lag_24h": {
      "q1": 3.6627,
      "q3": 7.363,
      "iqr": 3.7003000000000004,
      "lower": -1.8877500000000005,
      "upper": 12.913450000000001
    },
    "consumo_rolling_mean_3h": {
      "q1": 3.8234,
      "q3": 7.0421,
      "iqr": 3.2186999999999997,
      "lower": -1.0046499999999994,
      "upper": 11.870149999999999
    }
  },
  "embeddings": {
    "grupo_regional": {
      "input_dim": 74,
      "value_range": [
        0,
        73
      ]
    },
    "hora": {
      "input_dim": 24,
      "value_range": [
        0,
        23
      ]
    },
    "mes": {
      "input_dim": 13,
      "value_range": [
        1,
        12
      ]
    },
    "periodo_dia": {
      "input_dim": 4,
      "value_range": [
        0,
        3
      ]
    }
  },
  "metrics": {
    "MAE": 1.0126041173934937,
    "RMSE": 1.5774363157593683,
    "R2": 0.4875172972679138,
    "WMAPE": 16.333419799804688,
    "Acuracia": 83.66658020019531
  },
  "train_info": {
    "n_raw": 288148,
    "n_after_filter": 174617,
    "n_removed": 113531,
    "pct_removed": 39.4,
    "n_train": 141002,
    "n_val": 7422,
    "n_test": 26193,
    "n_features_dense": 20,
    "n_groups_embedding": 74,
    "n_horas_embedding": 24,
    "n_meses_embedding": 13,
    "n_periodos_embedding": 4
  }
}