{
  "version": "1.0",
  "timestamp": "2026-03-20T13:44:05",
  "dense_features": {
    "consumo_lag_1h": {
      "mean": 0.5057140588760376,
      "std": 0.11644993722438812,
      "min": 0.2426825314760208,
      "max": 0.8269929885864258
    },
    "consumo_lag_24h": {
      "mean": 0.501909613609314,
      "std": 0.13873663544654846,
      "min": 0.11702195554971695,
      "max": 0.9227983355522156
    },
    "consumo_rolling_mean_3h": {
      "mean": 0.48993369936943054,
      "std": 0.11272090673446655,
      "min": 0.2231815904378891,
      "max": 0.8662403225898743
    },
    "Temperatura_C": {
      "mean": 0.5097188949584961,
      "std": 0.10705466568470001,
      "min": 0.2184065878391266,
      "max": 0.6991758346557617
    },
    "Temperatura_Percebida_C": {
      "mean": 0.5126752853393555,
      "std": 0.10333027690649033,
      "min": 0.24184782803058624,
      "max": 0.720108687877655
    },
    "Umidade_Relativa_%": {
      "mean": 0.49634966254234314,
      "std": 0.11664748191833496,
      "min": 0.2750000059604645,
      "max": 0.762499988079071
    },
    "Precipitacao_mm": {
      "mean": 0.4642210006713867,
      "std": 0.19147175550460815,
      "min": 0.375,
      "max": 1.0
    },
    "Velocidade_Vento_kmh": {
      "mean": 0.5039615631103516,
      "std": 0.11378336697816849,
      "min": 0.2944214940071106,
      "max": 0.8626033067703247
    },
    "Pressao_Superficial_hPa": {
      "mean": 0.4752139747142792,
      "std": 0.10219483822584152,
      "min": 0.27198493480682373,
      "max": 0.6966080665588379
    },
    "Irradiancia_Direta_Wm2": {
      "mean": 0.5270740389823914,
      "std": 0.10774020850658417,
      "min": 0.2571328580379486,
      "max": 0.6653305292129517
    },
    "Irradiancia_Difusa_Wm2": {
      "mean": 0.48385071754455566,
      "std": 0.14809373021125793,
      "min": 0.2838982939720154,
      "max": 1.0
    },
    "trimestre": {
      "mean": 2.825362205505371,
      "std": 0.7247750163078308,
      "min": 2.0,
      "max": 4.0
    },
    "is_feriado": {
      "mean": 0.0,
      "std": 0.0,
      "min": 0.0,
      "max": 0.0
    },
    "is_vespera_feriado": {
      "mean": 0.0260869562625885,
      "std": 0.15939393639564514,
      "min": 0.0,
      "max": 1.0
    },
    "is_dia_util": {
      "mean": 1.0,
      "std": 0.0,
      "min": 1.0,
      "max": 1.0
    },
    "tipo_maquina_SPLIT\u00c3O ROOFTOP": {
      "mean": 1.0,
      "std": 0.0,
      "min": 1.0,
      "max": 1.0
    },
    "estacao_inverno": {
      "mean": 0.44420289993286133,
      "std": 0.49687692523002625,
      "min": 0.0,
      "max": 1.0
    },
    "estacao_outono": {
      "mean": 0.365217387676239,
      "std": 0.4814910590648651,
      "min": 0.0,
      "max": 1.0
    },
    "estacao_primavera": {
      "mean": 0.19057971239089966,
      "std": 0.392758309841156,
      "min": 0.0,
      "max": 1.0
    }
  },
  "target_encoding": {},
  "clipping_limits": {
    "Temperatura_C": {
      "q1": 21.0,
      "q3": 30.1,
      "iqr": 9.100000000000001,
      "lower": 7.349999999999998,
      "upper": 43.75
    },
    "Temperatura_Percebida_C": {
      "q1": 20.8,
      "q3": 30.0,
      "iqr": 9.2,
      "lower": 7.000000000000002,
      "upper": 43.8
    },
    "Umidade_Relativa_%": {
      "q1": 26.0,
      "q3": 66.0,
      "iqr": 40.0,
      "lower": -34.0,
      "upper": 126.0
    },
    "Precipitacao_mm": {
      "q1": 0.0,
      "q3": 0.1,
      "iqr": 0.1,
      "lower": -0.15000000000000002,
      "upper": 0.25
    },
    "Velocidade_Vento_kmh": {
      "q1": 4.2,
      "q3": 16.3,
      "iqr": 12.100000000000001,
      "lower": -13.950000000000003,
      "upper": 34.45
    },
    "Pressao_Superficial_hPa": {
      "q1": 932.4,
      "q3": 952.3,
      "iqr": 19.899999999999977,
      "lower": 902.55,
      "upper": 982.1499999999999
    },
    "Irradiancia_Direta_Wm2": {
      "q1": 288.8,
      "q3": 896.9,
      "iqr": 608.0999999999999,
      "lower": -623.3499999999999,
      "upper": 1809.0499999999997
    },
    "Irradiancia_Difusa_Wm2": {
      "q1": 82.0,
      "q3": 200.0,
      "iqr": 118.0,
      "lower": -95.0,
      "upper": 377.0
    },
    "consumo_lag_1h": {
      "q1": 2.9839,
      "q3": 8.6211,
      "iqr": 5.6372,
      "lower": -5.4719,
      "upper": 17.076900000000002
    },
    "consumo_lag_24h": {
      "q1": 4.4279,
      "q3": 8.7178,
      "iqr": 4.2899,
      "lower": -2.0069500000000007,
      "upper": 15.152650000000001
    },
    "consumo_rolling_mean_3h": {
      "q1": 4.4541,
      "q3": 8.7408,
      "iqr": 4.2867,
      "lower": -1.9759499999999992,
      "upper": 15.17085
    }
  },
  "embeddings": {
    "grupo_regional": {
      "input_dim": 124,
      "value_range": [
        0,
        123
      ]
    },
    "hora": {
      "input_dim": 18,
      "value_range": [
        0,
        17
      ]
    },
    "mes": {
      "input_dim": 13,
      "value_range": [
        1,
        12
      ]
    },
    "periodo_dia": {
      "input_dim": 3,
      "value_range": [
        0,
        2
      ]
    }
  },
  "metrics": {
    "MAE": 0.7561671733856201,
    "RMSE": 1.1671406543732248,
    "R2": 0.6170546412467957,
    "WMAPE": 8.527846336364746,
    "Acuracia": 91.47215366363525
  },
  "train_info": {
    "n_raw": 3846,
    "n_after_filter": 1710,
    "n_removed": 2136,
    "pct_removed": 55.54,
    "n_train": 1380,
    "n_val": 73,
    "n_test": 257,
    "n_features_dense": 19,
    "n_groups_embedding": 124,
    "n_horas_embedding": 18,
    "n_meses_embedding": 13,
    "n_periodos_embedding": 3
  }
}