{
  "version": "1.0",
  "timestamp": "2026-03-20T13:44:04",
  "dense_features": {
    "consumo_lag_1h": {
      "mean": 0.4997391700744629,
      "std": 0.1308663785457611,
      "min": 0.0,
      "max": 0.7597402334213257
    },
    "consumo_lag_24h": {
      "mean": 0.5085209608078003,
      "std": 0.12813372910022736,
      "min": 0.1428571492433548,
      "max": 0.7407635450363159
    },
    "consumo_rolling_mean_3h": {
      "mean": 0.5158720016479492,
      "std": 0.11846055090427399,
      "min": 0.06982120871543884,
      "max": 0.8168413639068604
    },
    "Temperatura_C": {
      "mean": 0.4993661940097809,
      "std": 0.11843211948871613,
      "min": 0.16111111640930176,
      "max": 0.7555555701255798
    },
    "Temperatura_Percebida_C": {
      "mean": 0.5084179043769836,
      "std": 0.11899589747190475,
      "min": 0.18586955964565277,
      "max": 0.8054347634315491
    },
    "Umidade_Relativa_%": {
      "mean": 0.48657166957855225,
      "std": 0.10695414245128632,
      "min": 0.1889534890651703,
      "max": 0.6482558250427246
    },
    "Precipitacao_mm": {
      "mean": 0.4482124149799347,
      "std": 0.1699901521205902,
      "min": 0.375,
      "max": 1.0
    },
    "Velocidade_Vento_kmh": {
      "mean": 0.5035702586174011,
      "std": 0.11855612695217133,
      "min": 0.30523255467414856,
      "max": 0.9476743936538696
    },
    "Pressao_Superficial_hPa": {
      "mean": 0.5173166394233704,
      "std": 0.10675841569900513,
      "min": 0.29874855279922485,
      "max": 0.6372235417366028
    },
    "Irradiancia_Direta_Wm2": {
      "mean": 0.48936447501182556,
      "std": 0.11141158640384674,
      "min": 0.375,
      "max": 0.6981315016746521
    },
    "Irradiancia_Difusa_Wm2": {
      "mean": 0.4965779781341553,
      "std": 0.1242019385099411,
      "min": 0.375,
      "max": 1.0
    },
    "trimestre": {
      "mean": 2.6666667461395264,
      "std": 0.7474691867828369,
      "min": 1.0,
      "max": 4.0
    },
    "is_feriado": {
      "mean": 0.005257623735815287,
      "std": 0.07231861352920532,
      "min": 0.0,
      "max": 1.0
    },
    "is_vespera_feriado": {
      "mean": 0.0010515246540307999,
      "std": 0.03241017460823059,
      "min": 0.0,
      "max": 1.0
    },
    "is_dia_util": {
      "mean": 0.768664538860321,
      "std": 0.4216863512992859,
      "min": 0.0,
      "max": 1.0
    },
    "tipo_maquina_AR CONDICIONADO DE JANELA (ACJ)": {
      "mean": 1.0,
      "std": 0.0,
      "min": 1.0,
      "max": 1.0
    },
    "estacao_inverno": {
      "mean": 0.4574132561683655,
      "std": 0.49818307161331177,
      "min": 0.0,
      "max": 1.0
    },
    "estacao_outono": {
      "mean": 0.3880126178264618,
      "std": 0.4872974455356598,
      "min": 0.0,
      "max": 1.0
    },
    "estacao_primavera": {
      "mean": 0.15457412600517273,
      "std": 0.3614982068538666,
      "min": 0.0,
      "max": 1.0
    }
  },
  "target_encoding": {},
  "clipping_limits": {
    "Temperatura_C": {
      "q1": 18.5,
      "q3": 27.5,
      "iqr": 9.0,
      "lower": 5.0,
      "upper": 41.0
    },
    "Temperatura_Percebida_C": {
      "q1": 18.9,
      "q3": 30.4,
      "iqr": 11.5,
      "lower": 1.6499999999999986,
      "upper": 47.65
    },
    "Umidade_Relativa_%": {
      "q1": 53.0,
      "q3": 96.0,
      "iqr": 43.0,
      "lower": -11.5,
      "upper": 160.5
    },
    "Precipitacao_mm": {
      "q1": 0.0,
      "q3": 0.1,
      "iqr": 0.1,
      "lower": -0.15000000000000002,
      "upper": 0.25
    },
    "Velocidade_Vento_kmh": {
      "q1": 2.4,
      "q3": 11.0,
      "iqr": 8.6,
      "lower": -10.499999999999998,
      "upper": 23.9
    },
    "Pressao_Superficial_hPa": {
      "q1": 935.1,
      "q3": 1021.0,
      "iqr": 85.89999999999998,
      "lower": 806.25,
      "upper": 1149.85
    },
    "Irradiancia_Direta_Wm2": {
      "q1": 0.0,
      "q3": 761.3,
      "iqr": 761.3,
      "lower": -1141.9499999999998,
      "upper": 1903.2499999999998
    },
    "Irradiancia_Difusa_Wm2": {
      "q1": 0.0,
      "q3": 172.0,
      "iqr": 172.0,
      "lower": -258.0,
      "upper": 430.0
    },
    "consumo_lag_1h": {
      "q1": 0.523,
      "q3": 0.831,
      "iqr": 0.30799999999999994,
      "lower": 0.06100000000000011,
      "upper": 1.293
    },
    "consumo_lag_24h": {
      "q1": 0.403,
      "q3": 0.809,
      "iqr": 0.406,
      "lower": -0.20599999999999996,
      "upper": 1.4180000000000001
    },
    "consumo_rolling_mean_3h": {
      "q1": 0.5477,
      "q3": 0.791,
      "iqr": 0.24330000000000007,
      "lower": 0.18274999999999986,
      "upper": 1.1559500000000003
    }
  },
  "embeddings": {
    "grupo_regional": {
      "input_dim": 178,
      "value_range": [
        0,
        177
      ]
    },
    "hora": {
      "input_dim": 24,
      "value_range": [
        0,
        23
      ]
    },
    "mes": {
      "input_dim": 13,
      "value_range": [
        1,
        12
      ]
    },
    "periodo_dia": {
      "input_dim": 4,
      "value_range": [
        0,
        3
      ]
    }
  },
  "metrics": {
    "MAE": 0.08260513842105865,
    "RMSE": 0.1074563144617082,
    "R2": -0.1922616958618164,
    "WMAPE": 10.977222442626953,
    "Acuracia": 89.02277755737305
  },
  "train_info": {
    "n_raw": 3301,
    "n_after_filter": 1179,
    "n_removed": 2122,
    "pct_removed": 64.28,
    "n_train": 951,
    "n_val": 51,
    "n_test": 177,
    "n_features_dense": 19,
    "n_groups_embedding": 178,
    "n_horas_embedding": 24,
    "n_meses_embedding": 13,
    "n_periodos_embedding": 4
  }
}