{
  "segment_files": {
    "AR CONDICIONADO DE JANELA (ACJ)": "AR_CONDICIONADO_DE_JANELA_(ACJ)/best_pipeline.joblib",
    "SPLIT CASSETE": "SPLIT_CASSETE/best_pipeline.joblib",
    "SPLIT DUTO": "SPLIT_DUTO/best_pipeline.joblib",
    "SPLIT HI-WALL": "SPLIT_HI-WALL/best_pipeline.joblib",
    "SPLIT PISO-TETO": "SPLIT_PISO-TETO/best_pipeline.joblib",
    "SPLIT\u00c3O": "SPLIT\u00c3O/best_pipeline.joblib",
    "SPLIT\u00c3O INVERTER": "SPLIT\u00c3O_INVERTER/best_pipeline.joblib",
    "SPLIT\u00c3O ROOFTOP": "SPLIT\u00c3O_ROOFTOP/best_pipeline.joblib",
    "SPLIT\u00c3O SELF CONTAINED": "SPLIT\u00c3O_SELF_CONTAINED/best_pipeline.joblib"
  },
  "metrics": {
    "AR CONDICIONADO DE JANELA (ACJ)": {
      "MAE": 0.17107173486877095,
      "RMSE": 0.24074204554117554,
      "R2": 0.701200129193563,
      "MAPE": 17.31630798530621,
      "WMAPE": 14.61380216458617,
      "Acuracia": 82.68369201469379
    },
    "SPLIT CASSETE": {
      "MAE": 0.4499879999458388,
      "RMSE": 0.5921987536724604,
      "R2": 0.3202490285355186,
      "MAPE": 17.784526412907724,
      "WMAPE": 15.660451066460112,
      "Acuracia": 82.21547358709228
    },
    "SPLIT DUTO": {
      "MAE": 0.4963495082145043,
      "RMSE": 0.7765117132887305,
      "R2": 0.5630720139039347,
      "MAPE": 16.09311333744464,
      "WMAPE": 13.233204158746306,
      "Acuracia": 83.90688666255537
    },
    "SPLIT HI-WALL": {
      "MAE": 0.2029191908851421,
      "RMSE": 0.2603476405947471,
      "R2": 0.35048238962040823,
      "MAPE": 17.329081622643617,
      "WMAPE": 16.797566127213315,
      "Acuracia": 82.67091837735639
    },
    "SPLIT PISO-TETO": {
      "MAE": 0.5361166255139423,
      "RMSE": 0.6646581465619537,
      "R2": 0.21866792630077392,
      "MAPE": 21.73994395301115,
      "WMAPE": 20.403248572709572,
      "Acuracia": 78.26005604698885
    },
    "SPLIT\u00c3O": {
      "MAE": 0.7087659604478995,
      "RMSE": 0.9181112068530478,
      "R2": 0.338613609300791,
      "MAPE": 10.285435492424897,
      "WMAPE": 10.356663264120838,
      "Acuracia": 89.7145645075751
    },
    "SPLIT\u00c3O INVERTER": {
      "MAE": 1.0596603962417597,
      "RMSE": 1.9195467027644046,
      "R2": 0.9839853559515958,
      "MAPE": 17.162297997252228,
      "WMAPE": 6.1005549877181195,
      "Acuracia": 82.83770200274778
    },
    "SPLIT\u00c3O ROOFTOP": {
      "MAE": 0.6097180719154085,
      "RMSE": 0.8490256640959168,
      "R2": 0.010791848033063878,
      "MAPE": 7.835925181339906,
      "WMAPE": 7.614514676677768,
      "Acuracia": 92.1640748186601
    },
    "SPLIT\u00c3O SELF CONTAINED": {
      "MAE": 0.2319100375105041,
      "RMSE": 0.2893376871072051,
      "R2": 0.17235464259237454,
      "MAPE": 3.87572322938116,
      "WMAPE": 3.8845359398164434,
      "Acuracia": 96.12427677061883
    }
  }
}