{
  "segment_files": {
    "AR CONDICIONADO DE JANELA (ACJ)": "AR_CONDICIONADO_DE_JANELA_(ACJ)/best_pipeline.joblib",
    "SPLIT CASSETE": "SPLIT_CASSETE/best_pipeline.joblib",
    "SPLIT DUTO": "SPLIT_DUTO/best_pipeline.joblib",
    "SPLIT HI-WALL": "SPLIT_HI-WALL/best_pipeline.joblib",
    "SPLIT PISO-TETO": "SPLIT_PISO-TETO/best_pipeline.joblib",
    "SPLIT\u00c3O": "SPLIT\u00c3O/best_pipeline.joblib",
    "SPLIT\u00c3O INVERTER": "SPLIT\u00c3O_INVERTER/best_pipeline.joblib",
    "SPLIT\u00c3O ROOFTOP": "SPLIT\u00c3O_ROOFTOP/best_pipeline.joblib",
    "SPLIT\u00c3O SELF CONTAINED": "SPLIT\u00c3O_SELF_CONTAINED/best_pipeline.joblib"
  },
  "metrics": {
    "AR CONDICIONADO DE JANELA (ACJ)": {
      "MAE": 0.17497277512698944,
      "RMSE": 0.2478395415900153,
      "R2": 0.6833221359794324,
      "MAPE": 17.591547978459918,
      "WMAPE": 14.947048510707713,
      "Acuracia": 82.40845202154009
    },
    "SPLIT CASSETE": {
      "MAE": 0.4499879999458388,
      "RMSE": 0.5921987536724604,
      "R2": 0.3202490285355186,
      "MAPE": 17.784526412907724,
      "WMAPE": 15.660451066460112,
      "Acuracia": 82.21547358709228
    },
    "SPLIT DUTO": {
      "MAE": 0.502241714987349,
      "RMSE": 0.780551927265866,
      "R2": 0.5585134864909975,
      "MAPE": 16.219664563695975,
      "WMAPE": 13.3902966387028,
      "Acuracia": 83.78033543630403
    },
    "SPLIT HI-WALL": {
      "MAE": 0.2029191908851421,
      "RMSE": 0.2603476405947471,
      "R2": 0.35048238962040823,
      "MAPE": 17.329081622643617,
      "WMAPE": 16.797566127213315,
      "Acuracia": 82.67091837735639
    },
    "SPLIT PISO-TETO": {
      "MAE": 0.5361166255139423,
      "RMSE": 0.6646581465619537,
      "R2": 0.21866792630077392,
      "MAPE": 21.73994395301115,
      "WMAPE": 20.403248572709572,
      "Acuracia": 78.26005604698885
    },
    "SPLIT\u00c3O": {
      "MAE": 0.7114740042018519,
      "RMSE": 0.9292453280621956,
      "R2": 0.30899258050610967,
      "MAPE": 10.301403352345394,
      "WMAPE": 10.419353691423844,
      "Acuracia": 89.69859664765461
    },
    "SPLIT\u00c3O INVERTER": {
      "MAE": 1.0035760111045873,
      "RMSE": 1.8904933639442387,
      "R2": 0.9847871569490863,
      "MAPE": 14.768408013406859,
      "WMAPE": 5.381117942542755,
      "Acuracia": 85.23159198659314
    },
    "SPLIT\u00c3O ROOFTOP": {
      "MAE": 0.7899721516371988,
      "RMSE": 1.0046473903856277,
      "R2": 0.06752784821750168,
      "MAPE": 10.44061221897862,
      "WMAPE": 9.976417469000847,
      "Acuracia": 89.55938778102139
    },
    "SPLIT\u00c3O SELF CONTAINED": {
      "MAE": 0.2261185937284789,
      "RMSE": 0.2801365945855021,
      "R2": 0.27246696584297003,
      "MAPE": 3.7731488839295695,
      "WMAPE": 3.7641045491455487,
      "Acuracia": 96.22685111607043
    }
  }
}