{
  "segment_files": {
    "AR CONDICIONADO DE JANELA (ACJ)": "AR_CONDICIONADO_DE_JANELA_(ACJ)/best_pipeline.joblib",
    "DESCONHECIDO": "DESCONHECIDO/best_pipeline.joblib",
    "SPLIT HI-WALL": "SPLIT_HI-WALL/best_pipeline.joblib",
    "SPLIT\u00c3O": "SPLIT\u00c3O/best_pipeline.joblib",
    "SPLIT\u00c3O INVERTER": "SPLIT\u00c3O_INVERTER/best_pipeline.joblib",
    "SPLIT\u00c3O ROOFTOP": "SPLIT\u00c3O_ROOFTOP/best_pipeline.joblib",
    "SPLIT\u00c3O SELF CONTAINED": "SPLIT\u00c3O_SELF_CONTAINED/best_pipeline.joblib"
  },
  "metrics": {
    "AR CONDICIONADO DE JANELA (ACJ)": {
      "MAE": 0.05112769028291864,
      "RMSE": 0.06920164019986401,
      "R2": 0.5055294350497945,
      "MAPE": 6.7851483183168515,
      "WMAPE": 6.794249919348775,
      "Acuracia": 93.21485168168314
    },
    "DESCONHECIDO": {
      "MAE": 1.646837866704396,
      "RMSE": 1.9999756477141906,
      "R2": 0.2681750360231334,
      "MAPE": 119.74647795029121,
      "WMAPE": 48.33699178572411,
      "Acuracia": -19.746477950291208
    },
    "SPLIT HI-WALL": {
      "MAE": 0.015161566418707886,
      "RMSE": 0.0252155888988283,
      "R2": 0.7345837282321392,
      "MAPE": 1.7297934124941898,
      "WMAPE": 1.7294729320683773,
      "Acuracia": 98.27020658750581
    },
    "SPLIT\u00c3O": {
      "MAE": 0.5482678952521007,
      "RMSE": 0.7742959839519725,
      "R2": 0.6148156717076635,
      "MAPE": 7.758908438558672,
      "WMAPE": 7.903813442058927,
      "Acuracia": 92.24109156144132
    },
    "SPLIT\u00c3O INVERTER": {
      "MAE": 1.039634510914919,
      "RMSE": 1.492365167717307,
      "R2": 0.5413031688251626,
      "MAPE": 16.449358057916168,
      "WMAPE": 16.769423500585702,
      "Acuracia": 83.55064194208383
    },
    "SPLIT\u00c3O ROOFTOP": {
      "MAE": 0.4557615195595736,
      "RMSE": 0.9006741058623964,
      "R2": 0.7719522606487584,
      "MAPE": 5.215716611573284,
      "WMAPE": 5.13995359846769,
      "Acuracia": 94.78428338842672
    },
    "SPLIT\u00c3O SELF CONTAINED": {
      "MAE": 0.6430650210165231,
      "RMSE": 0.9167995732664921,
      "R2": 0.5401468944495298,
      "MAPE": 8.157471730984863,
      "WMAPE": 8.380861066718174,
      "Acuracia": 91.84252826901513
    }
  }
}